{
  "info": {
    "name": "OntoPortal \u2013 Ontologies",
    "schema": "https://schema.getpostman.com/json/collection/v2.1.0/collection.json"
  },
  "item": [
    {
      "name": "List ontologies",
      "request": {
        "method": "GET",
        "url": {
          "raw": "https://data.bioontology.org/ontologies",
          "protocol": "https",
          "host": [
            "data",
            "bioontology",
            "org"
          ],
          "path": [
            "ontologies"
          ]
        }
      }
    }
  ]
}